Address, Read/Write, Value, Soft,Hard,Hit,Evicted_pg#,Dirty_evicted_page,
1C,0	,140	,0	,0	,0	,0	,0	
58,0	,100	,0	,0	,0	,0	,0	
14,0	,46	,0	,0	,0	,0	,0	
93,0	,3	,0	,0	,0	,0	,0	
C7,0	,151	,0	,0	,0	,0	,0	
76,0	,95	,0	,0	,0	,0	,0	
F8,0	,161	,0	,0	,0	,0	,0	
C8,0	,69	,0	,0	,0	,0	,0	
BC,0	,146	,0	,0	,0	,0	,0	
42,0	,250	,0	,0	,0	,0	,0	
09,0	,188	,0	,0	,0	,0	,0	
02,0	,76	,0	,0	,0	,0	,0	
2E,0	,239	,0	,0	,0	,0	,0	
A1,0	,25	,0	,0	,0	,0	,0	
D4,0	,133	,0	,0	,0	,0	,0	
D3,0	,3	,0	,0	,0	,0	,0	
C9,0	,4	,0	,0	,0	,0	,0	
D8,0	,137	,0	,0	,0	,0	,0	
13,0	,249	,0	,0	,0	,0	,0	
98,0	,48	,0	,0	,0	,0	,0	
15,0	,20	,0	,0	,0	,0	,0	
55,0	,73	,0	,0	,0	,0	,0	
64,0	,179	,0	,0	,0	,0	,0	
97,0	,49	,0	,0	,0	,0	,0	
80,0	,103	,0	,0	,0	,0	,0	
97,0	,248	,0	,0	,0	,0	,0	
47,0	,235	,0	,0	,0	,0	,0	
69,0	,67	,0	,0	,0	,0	,0	
05,0	,192	,0	,0	,0	,0	,0	
75,0	,243	,0	,0	,0	,0	,0	
AA,0	,117	,0	,0	,0	,0	,0	
5C,0	,110	,0	,0	,0	,0	,0	
D8,0	,104	,0	,0	,0	,0	,0	
B4,0	,43	,0	,0	,0	,0	,0	
F7,0	,40	,0	,0	,0	,0	,0	
A3,0	,166	,0	,0	,0	,0	,0	
1F,0	,132	,0	,0	,0	,0	,0	
98,0	,128	,0	,0	,0	,0	,0	
CA,0	,97	,0	,0	,0	,0	,0	
70,0	,34	,0	,0	,0	,0	,0	
6A,0	,239	,0	,0	,0	,0	,0	
18,0	,205	,0	,0	,0	,0	,0	
3A,0	,135	,0	,0	,0	,0	,0	
EA,0	,96	,0	,0	,0	,0	,0	
3D,0	,193	,0	,0	,0	,0	,0	
9C,0	,18	,0	,0	,0	,0	,0	
62,0	,155	,0	,0	,0	,0	,0	
C0,0	,64	,0	,0	,0	,0	,0	
1F,0	,9	,0	,0	,0	,0	,0	
B5,0	,212	,0	,0	,0	,0	,0	
F1,0	,1	,0	,0	,0	,0	,0	
A1,1	,8517174	,0	,0	,0	,0	,0	
7D,0	,190	,0	,0	,0	,0	,0	
54,1	,-8630888	,0	,0	,0	,0	,0	
AB,1	,-2553064	,0	,0	,0	,0	,0	
CB,0	,74	,0	,0	,0	,0	,0	
91,1	,4560783	,0	,0	,0	,0	,0	
99,0	,95	,0	,0	,0	,0	,0	
26,0	,21	,0	,0	,0	,0	,0	
7A,0	,151	,0	,0	,0	,0	,0	
F4,1	,-3609668	,0	,0	,0	,0	,0	
73,0	,150	,0	,0	,0	,0	,0	
A8,0	,237	,0	,0	,0	,0	,0	
8A,0	,26	,0	,0	,0	,0	,0	
8F,0	,174	,0	,0	,0	,0	,0	
9D,0	,97	,0	,0	,0	,0	,0	
24,0	,239	,0	,0	,0	,0	,0	
75,0	,117	,0	,0	,0	,0	,0	
15,1	,-9937550	,0	,0	,0	,0	,0	
65,1	,-4604768	,0	,0	,0	,0	,0	
A7,0	,130	,0	,0	,0	,0	,0	
7C,0	,56	,0	,0	,0	,0	,0	
B8,1	,156532	,0	,0	,0	,0	,0	
99,0	,50	,0	,0	,0	,0	,0	
06,0	,90	,0	,0	,0	,0	,0	
D5,0	,54	,0	,0	,0	,0	,0	
6A,0	,240	,0	,0	,0	,0	,0	
25,0	,196	,0	,0	,0	,0	,0	
C2,0	,234	,0	,0	,0	,0	,0	
E5,0	,11	,0	,0	,0	,0	,0	
95,0	,198	,0	,0	,0	,0	,0	
0C,0	,98	,0	,0	,0	,0	,0	
A4,0	,25	,0	,0	,0	,0	,0	
95,0	,115	,0	,0	,0	,0	,0	
75,0	,205	,0	,0	,0	,0	,0	
32,1	,863422	,0	,0	,0	,0	,0	
16,1	,-5015210	,0	,0	,0	,0	,0	
7A,0	,136	,0	,0	,0	,0	,0	
0E,1	,6939548	,0	,0	,0	,0	,0	
8C,0	,87	,0	,0	,0	,0	,0	
5E,0	,223	,0	,0	,0	,0	,0	
CB,0	,0	,0	,0	,0	,0	,0	
69,1	,7685311	,0	,0	,0	,0	,0	
48,0	,33	,0	,0	,0	,0	,0	
79,0	,64	,0	,0	,0	,0	,0	
6E,0	,68	,0	,0	,0	,0	,0	
72,0	,173	,0	,0	,0	,0	,0	
EB,0	,62	,0	,0	,0	,0	,0	
66,0	,145	,0	,0	,0	,0	,0	
92,0	,56	,0	,0	,0	,0	,0	
0A,0	,172	,0	,0	,0	,0	,0	
BC,0	,249	,0	,0	,0	,0	,0	
6C,0	,46	,0	,0	,0	,0	,0	
2D,0	,47	,0	,0	,0	,0	,0	
85,0	,46	,0	,0	,0	,0	,0	
3F,0	,30	,0	,0	,0	,0	,0	
AB,0	,196	,0	,0	,0	,0	,0	
9D,0	,160	,0	,0	,0	,0	,0	
46,1	,1705404	,0	,0	,0	,0	,0	
EA,0	,85	,0	,0	,0	,0	,0	
65,0	,228	,0	,0	,0	,0	,0	
1F,0	,192	,0	,0	,0	,0	,0	
CA,0	,26	,0	,0	,0	,0	,0	
B7,0	,171	,0	,0	,0	,0	,0	
CF,0	,227	,0	,0	,0	,0	,0	
D2,0	,130	,0	,0	,0	,0	,0	
04,0	,175	,0	,0	,0	,0	,0	
EC,0	,230	,0	,0	,0	,0	,0	
64,1	,8861684	,0	,0	,0	,0	,0	
03,0	,253	,0	,0	,0	,0	,0	
49,0	,202	,0	,0	,0	,0	,0	
E7,0	,125	,0	,0	,0	,0	,0	
82,1	,-7060892	,0	,0	,0	,0	,0	
90,0	,34	,0	,0	,0	,0	,0	
48,0	,74	,0	,0	,0	,0	,0	
D7,0	,71	,0	,0	,0	,0	,0	
56,0	,29	,0	,0	,0	,0	,0	
88,0	,159	,0	,0	,0	,0	,0	
15,0	,108	,0	,0	,0	,0	,0	
60,0	,156	,0	,0	,0	,0	,0	
57,0	,144	,0	,0	,0	,0	,0	
37,0	,65	,0	,0	,0	,0	,0	
B8,0	,207	,0	,0	,0	,0	,0	
BD,0	,237	,0	,0	,0	,0	,0	
02,0	,222	,0	,0	,0	,0	,0	
88,0	,106	,0	,0	,0	,0	,0	
BD,0	,154	,0	,0	,0	,0	,0	
E0,0	,27	,0	,0	,0	,0	,0	
3E,0	,53	,0	,0	,0	,0	,0	
61,1	,6288706	,0	,0	,0	,0	,0	
86,0	,148	,0	,0	,0	,0	,0	
3B,0	,172	,0	,0	,0	,0	,0	
E3,0	,146	,0	,0	,0	,0	,0	
1B,0	,222	,0	,0	,0	,0	,0	
63,0	,26	,0	,0	,0	,0	,0	
60,0	,248	,0	,0	,0	,0	,0	
5B,0	,174	,0	,0	,0	,0	,0	
DC,0	,74	,0	,0	,0	,0	,0	
48,0	,6	,0	,0	,0	,0	,0	
0D,0	,229	,0	,0	,0	,0	,0	
4C,0	,146	,0	,0	,0	,0	,0	
9A,0	,52	,0	,0	,0	,0	,0	
8F,0	,224	,0	,0	,0	,0	,0	
87,0	,55	,0	,0	,0	,0	,0	
3A,0	,121	,0	,0	,0	,0	,0	
79,0	,235	,0	,0	,0	,0	,0	
8F,0	,175	,0	,0	,0	,0	,0	
36,0	,24	,0	,0	,0	,0	,0	
A7,0	,29	,0	,0	,0	,0	,0	
AB,0	,122	,0	,0	,0	,0	,0	
3A,1	,7074243	,0	,0	,0	,0	,0	
EA,0	,135	,0	,0	,0	,0	,0	
2B,0	,210	,0	,0	,0	,0	,0	
B9,0	,126	,0	,0	,0	,0	,0	
F0,1	,9927991	,0	,0	,0	,0	,0	
6C,0	,182	,0	,0	,0	,0	,0	
C2,0	,88	,0	,0	,0	,0	,0	
E9,0	,235	,0	,0	,0	,0	,0	
B9,0	,251	,0	,0	,0	,0	,0	
59,0	,121	,0	,0	,0	,0	,0	
69,0	,36	,0	,0	,0	,0	,0	
96,0	,37	,0	,0	,0	,0	,0	
F0,0	,10	,0	,0	,0	,0	,0	
BC,1	,1526835	,0	,0	,0	,0	,0	
93,1	,4456874	,0	,0	,0	,0	,0	
55,0	,227	,0	,0	,0	,0	,0	
F1,0	,61	,0	,0	,0	,0	,0	
09,1	,-3407491	,0	,0	,0	,0	,0	
3D,0	,165	,0	,0	,0	,0	,0	
9F,0	,103	,0	,0	,0	,0	,0	
DD,0	,154	,0	,0	,0	,0	,0	
C8,0	,61	,0	,0	,0	,0	,0	
8C,0	,138	,0	,0	,0	,0	,0	
BA,0	,239	,0	,0	,0	,0	,0	
4A,0	,246	,0	,0	,0	,0	,0	
F5,0	,22	,0	,0	,0	,0	,0	
C2,0	,34	,0	,0	,0	,0	,0	
9C,1	,3027056	,0	,0	,0	,0	,0	
BE,1	,-753359	,0	,0	,0	,0	,0	
68,0	,178	,0	,0	,0	,0	,0	
AF,0	,143	,0	,0	,0	,0	,0	
99,0	,57	,0	,0	,0	,0	,0	
AF,0	,130	,0	,0	,0	,0	,0	
32,0	,248	,0	,0	,0	,0	,0	
D4,0	,70	,0	,0	,0	,0	,0	
40,0	,172	,0	,0	,0	,0	,0	
05,0	,194	,0	,0	,0	,0	,0	
16,0	,145	,0	,0	,0	,0	,0	
55,0	,57	,0	,0	,0	,0	,0	
17,1	,-6013531	,0	,0	,0	,0	,0	
6A,0	,142	,0	,0	,0	,0	,0	
D1,1	,-2160222	,0	,0	,0	,0	,0	
74,0	,51	,0	,0	,0	,0	,0	
03,0	,214	,0	,0	,0	,0	,0	
FE,0	,213	,0	,0	,0	,0	,0	
8D,1	,1536068	,0	,0	,0	,0	,0	
8C,1	,670888	,0	,0	,0	,0	,0	
63,1	,8478524	,0	,0	,0	,0	,0	
41,0	,83	,0	,0	,0	,0	,0	
53,0	,28	,0	,0	,0	,0	,0	
F6,0	,101	,0	,0	,0	,0	,0	
1C,0	,140	,0	,0	,0	,0	,0	
3D,0	,59	,0	,0	,0	,0	,0	
77,0	,80	,0	,0	,0	,0	,0	
3C,0	,42	,0	,0	,0	,0	,0	
E0,0	,146	,0	,0	,0	,0	,0	
F8,0	,213	,0	,0	,0	,0	,0	
7B,0	,150	,0	,0	,0	,0	,0	
D4,0	,110	,0	,0	,0	,0	,0	
E1,0	,142	,0	,0	,0	,0	,0	
0C,0	,231	,0	,0	,0	,0	,0	
20,0	,136	,0	,0	,0	,0	,0	
99,0	,95	,0	,0	,0	,0	,0	
BE,1	,1901758	,0	,0	,0	,0	,0	
83,0	,22	,0	,0	,0	,0	,0	
59,0	,172	,0	,0	,0	,0	,0	
5B,0	,210	,0	,0	,0	,0	,0	
D8,1	,8513761	,0	,0	,0	,0	,0	
86,1	,-8271618	,0	,0	,0	,0	,0	
E7,1	,835303	,0	,0	,0	,0	,0	
7A,1	,-2978380	,0	,0	,0	,0	,0	
D2,0	,204	,0	,0	,0	,0	,0	
1A,0	,34	,0	,0	,0	,0	,0	
32,0	,146	,0	,0	,0	,0	,0	
80,0	,140	,0	,0	,0	,0	,0	
69,0	,54	,0	,0	,0	,0	,0	
66,0	,1	,0	,0	,0	,0	,0	
64,1	,-4081172	,0	,0	,0	,0	,0	
8B,1	,-9514296	,0	,0	,0	,0	,0	
73,1	,-4374329	,0	,0	,0	,0	,0	
3E,0	,176	,0	,0	,0	,0	,0	
B2,0	,11	,0	,0	,0	,0	,0	
FF,0	,121	,0	,0	,0	,0	,0	
09,0	,95	,0	,0	,0	,0	,0	
71,1	,-4303684	,0	,0	,0	,0	,0	
48,0	,168	,0	,0	,0	,0	,0	
0D,0	,224	,0	,0	,0	,0	,0	
EF,0	,138	,0	,0	,0	,0	,0	
9B,0	,84	,0	,0	,0	,0	,0	
5B,0	,9	,0	,0	,0	,0	,0	
D0,0	,157	,0	,0	,0	,0	,0	
40,0	,75	,0	,0	,0	,0	,0	
63,0	,150	,0	,0	,0	,0	,0	
45,1	,-9327234	,0	,0	,0	,0	,0	
F1,0	,208	,0	,0	,0	,0	,0	
B0,0	,82	,0	,0	,0	,0	,0	
0F,0	,221	,0	,0	,0	,0	,0	
97,0	,216	,0	,0	,0	,0	,0	
B3,0	,145	,0	,0	,0	,0	,0	
64,0	,168	,0	,0	,0	,0	,0	
36,0	,58	,0	,0	,0	,0	,0	
96,1	,3405807	,0	,0	,0	,0	,0	
3B,0	,196	,0	,0	,0	,0	,0	
48,1	,-3500139	,0	,0	,0	,0	,0	
9E,0	,181	,0	,0	,0	,0	,0	
BF,1	,1138688	,0	,0	,0	,0	,0	
BB,0	,198	,0	,0	,0	,0	,0	
6A,0	,152	,0	,0	,0	,0	,0	
10,0	,187	,0	,0	,0	,0	,0	
6E,0	,93	,0	,0	,0	,0	,0	
BB,0	,76	,0	,0	,0	,0	,0	
D2,0	,185	,0	,0	,0	,0	,0	
85,1	,-6517241	,0	,0	,0	,0	,0	
FA,0	,88	,0	,0	,0	,0	,0	
2C,0	,110	,0	,0	,0	,0	,0	
CA,0	,203	,0	,0	,0	,0	,0	
41,0	,38	,0	,0	,0	,0	,0	
41,0	,186	,0	,0	,0	,0	,0	
F4,0	,51	,0	,0	,0	,0	,0	
06,0	,77	,0	,0	,0	,0	,0	
1E,0	,70	,0	,0	,0	,0	,0	
BE,0	,94	,0	,0	,0	,0	,0	
D4,0	,13	,0	,0	,0	,0	,0	
1A,1	,-4824586	,0	,0	,0	,0	,0	
D7,0	,104	,0	,0	,0	,0	,0	
15,0	,85	,0	,0	,0	,0	,0	
4A,0	,74	,0	,0	,0	,0	,0	
4D,0	,236	,0	,0	,0	,0	,0	
52,0	,103	,0	,0	,0	,0	,0	
31,0	,116	,0	,0	,0	,0	,0	
7A,1	,-9883229	,0	,0	,0	,0	,0	
CA,1	,3251267	,0	,0	,0	,0	,0	
DA,0	,92	,0	,0	,0	,0	,0	
8B,0	,119	,0	,0	,0	,0	,0	
83,0	,38	,0	,0	,0	,0	,0	
50,0	,76	,0	,0	,0	,0	,0	
BE,0	,129	,0	,0	,0	,0	,0	
04,0	,135	,0	,0	,0	,0	,0	
E9,0	,233	,0	,0	,0	,0	,0	
91,0	,144	,0	,0	,0	,0	,0	
49,1	,8506404	,0	,0	,0	,0	,0	
4B,0	,128	,0	,0	,0	,0	,0	
83,1	,-8953229	,0	,0	,0	,0	,0	
AB,0	,59	,0	,0	,0	,0	,0	
7F,0	,228	,0	,0	,0	,0	,0	
81,1	,6135867	,0	,0	,0	,0	,0	
86,0	,41	,0	,0	,0	,0	,0	
C7,0	,6	,0	,0	,0	,0	,0	
B1,0	,195	,0	,0	,0	,0	,0	
A5,1	,-673186	,0	,0	,0	,0	,0	
8F,0	,168	,0	,0	,0	,0	,0	
A1,0	,70	,0	,0	,0	,0	,0	
C3,0	,20	,0	,0	,0	,0	,0	
BA,0	,175	,0	,0	,0	,0	,0	
AB,1	,8622996	,0	,0	,0	,0	,0	
FD,0	,247	,0	,0	,0	,0	,0	
6B,0	,10	,0	,0	,0	,0	,0	
C0,0	,71	,0	,0	,0	,0	,0	
C4,0	,227	,0	,0	,0	,0	,0	
80,1	,7765723	,0	,0	,0	,0	,0	
97,0	,1	,0	,0	,0	,0	,0	
A5,0	,249	,0	,0	,0	,0	,0	
F3,0	,0	,0	,0	,0	,0	,0	
37,0	,76	,0	,0	,0	,0	,0	
05,0	,233	,0	,0	,0	,0	,0	
43,1	,-1353377	,0	,0	,0	,0	,0	
A7,0	,50	,0	,0	,0	,0	,0	
84,0	,123	,0	,0	,0	,0	,0	
28,0	,36	,0	,0	,0	,0	,0	
6D,1	,927601	,0	,0	,0	,0	,0	
12,0	,216	,0	,0	,0	,0	,0	
64,0	,135	,0	,0	,0	,0	,0	
FC,0	,210	,0	,0	,0	,0	,0	
EB,0	,230	,0	,0	,0	,0	,0	
EC,0	,204	,0	,0	,0	,0	,0	
F0,0	,183	,0	,0	,0	,0	,0	
9A,0	,12	,0	,0	,0	,0	,0	
7C,1	,-5913905	,0	,0	,0	,0	,0	
47,0	,75	,0	,0	,0	,0	,0	
16,0	,154	,0	,0	,0	,0	,0	
EE,0	,199	,0	,0	,0	,0	,0	
F1,0	,189	,0	,0	,0	,0	,0	
29,0	,128	,0	,0	,0	,0	,0	
A6,0	,23	,0	,0	,0	,0	,0	
99,0	,136	,0	,0	,0	,0	,0	
53,0	,70	,0	,0	,0	,0	,0	
36,0	,59	,0	,0	,0	,0	,0	
C5,0	,237	,0	,0	,0	,0	,0	
4E,0	,256	,0	,0	,0	,0	,0	
BB,0	,114	,0	,0	,0	,0	,0	
C4,1	,7921099	,0	,0	,0	,0	,0	
7C,0	,102	,0	,0	,0	,0	,0	
6C,0	,225	,0	,0	,0	,0	,0	
1A,0	,89	,0	,0	,0	,0	,0	
47,0	,49	,0	,0	,0	,0	,0	
73,0	,145	,0	,0	,0	,0	,0	
17,0	,88	,0	,0	,0	,0	,0	
45,0	,77	,0	,0	,0	,0	,0	
F1,0	,231	,0	,0	,0	,0	,0	
AE,1	,-7811215	,0	,0	,0	,0	,0	
29,0	,64	,0	,0	,0	,0	,0	
74,0	,76	,0	,0	,0	,0	,0	
8C,0	,176	,0	,0	,0	,0	,0	
28,1	,-2138857	,0	,0	,0	,0	,0	
A3,0	,255	,0	,0	,0	,0	,0	
6E,0	,60	,0	,0	,0	,0	,0	
BB,1	,7295670	,0	,0	,0	,0	,0	
B6,1	,-5501913	,0	,0	,0	,0	,0	
37,0	,76	,0	,0	,0	,0	,0	
6E,0	,93	,0	,0	,0	,0	,0	
D8,0	,9	,0	,0	,0	,0	,0	
43,0	,181	,0	,0	,0	,0	,0	
9C,0	,230	,0	,0	,0	,0	,0	
19,1	,-1984038	,0	,0	,0	,0	,0	
64,0	,86	,0	,0	,0	,0	,0	
64,0	,212	,0	,0	,0	,0	,0	
D2,0	,174	,0	,0	,0	,0	,0	
DF,0	,226	,0	,0	,0	,0	,0	
49,0	,105	,0	,0	,0	,0	,0	
B9,0	,2	,0	,0	,0	,0	,0	
15,0	,82	,0	,0	,0	,0	,0	
33,0	,250	,0	,0	,0	,0	,0	
87,0	,55	,0	,0	,0	,0	,0	
9D,0	,127	,0	,0	,0	,0	,0	
62,0	,235	,0	,0	,0	,0	,0	
2A,0	,181	,0	,0	,0	,0	,0	
89,1	,3503999	,0	,0	,0	,0	,0	
83,0	,95	,0	,0	,0	,0	,0	
3D,0	,195	,0	,0	,0	,0	,0	
02,1	,-5433758	,0	,0	,0	,0	,0	
7E,0	,28	,0	,0	,0	,0	,0	
C4,0	,248	,0	,0	,0	,0	,0	
D0,1	,8362403	,0	,0	,0	,0	,0	
A6,0	,13	,0	,0	,0	,0	,0	
59,1	,-966219	,0	,0	,0	,0	,0	
E6,0	,17	,0	,0	,0	,0	,0	
72,0	,254	,0	,0	,0	,0	,0	
A7,0	,242	,0	,0	,0	,0	,0	
B4,0	,117	,0	,0	,0	,0	,0	
30,0	,64	,0	,0	,0	,0	,0	
DE,0	,109	,0	,0	,0	,0	,0	
9F,0	,54	,0	,0	,0	,0	,0	
1C,0	,189	,0	,0	,0	,0	,0	
A6,0	,188	,0	,0	,0	,0	,0	
B7,0	,20	,0	,0	,0	,0	,0	
45,0	,140	,0	,0	,0	,0	,0	
A1,1	,885945	,0	,0	,0	,0	,0	
67,0	,108	,0	,0	,0	,0	,0	
DA,1	,1879445	,0	,0	,0	,0	,0	
F9,0	,63	,0	,0	,0	,0	,0	
16,0	,237	,0	,0	,0	,0	,0	
46,0	,30	,0	,0	,0	,0	,0	
46,0	,151	,0	,0	,0	,0	,0	
07,0	,122	,0	,0	,0	,0	,0	
98,1	,3089122	,0	,0	,0	,0	,0	
60,0	,251	,0	,0	,0	,0	,0	
72,0	,212	,0	,0	,0	,0	,0	
2A,1	,5135532	,0	,0	,0	,0	,0	
E4,0	,145	,0	,0	,0	,0	,0	
CF,1	,3425867	,0	,0	,0	,0	,0	
FF,0	,88	,0	,0	,0	,0	,0	
70,0	,126	,0	,0	,0	,0	,0	
1F,0	,41	,0	,0	,0	,0	,0	
13,1	,4949977	,0	,0	,0	,0	,0	
2E,1	,-844758	,0	,0	,0	,0	,0	
2A,0	,14	,0	,0	,0	,0	,0	
3B,0	,34	,0	,0	,0	,0	,0	
D9,0	,67	,0	,0	,0	,0	,0	
97,0	,153	,0	,0	,0	,0	,0	
A6,0	,198	,0	,0	,0	,0	,0	
00,0	,112	,0	,0	,0	,0	,0	
A6,1	,8136217	,0	,0	,0	,0	,0	
40,0	,142	,0	,0	,0	,0	,0	
17,0	,152	,0	,0	,0	,0	,0	
52,0	,250	,0	,0	,0	,0	,0	
42,0	,97	,0	,0	,0	,0	,0	
10,1	,5678967	,0	,0	,0	,0	,0	
CA,0	,246	,0	,0	,0	,0	,0	
38,0	,171	,0	,0	,0	,0	,0	
4E,1	,6641097	,0	,0	,0	,0	,0	
11,1	,-3082770	,0	,0	,0	,0	,0	
29,0	,167	,0	,0	,0	,0	,0	
37,0	,129	,0	,0	,0	,0	,0	
77,0	,221	,0	,0	,0	,0	,0	
55,1	,9541491	,0	,0	,0	,0	,0	
2E,0	,93	,0	,0	,0	,0	,0	
CD,0	,233	,0	,0	,0	,0	,0	
DA,0	,241	,0	,0	,0	,0	,0	
25,0	,84	,0	,0	,0	,0	,0	
1A,0	,14	,0	,0	,0	,0	,0	
C1,0	,136	,0	,0	,0	,0	,0	
7C,0	,255	,0	,0	,0	,0	,0	
47,0	,244	,0	,0	,0	,0	,0	
BD,0	,184	,0	,0	,0	,0	,0	
16,1	,-171434	,0	,0	,0	,0	,0	
6A,0	,45	,0	,0	,0	,0	,0	
F3,0	,30	,0	,0	,0	,0	,0	
5D,1	,-8051841	,0	,0	,0	,0	,0	
61,0	,139	,0	,0	,0	,0	,0	
91,0	,169	,0	,0	,0	,0	,0	
BC,1	,1963940	,0	,0	,0	,0	,0	
C6,0	,137	,0	,0	,0	,0	,0	
C4,0	,242	,0	,0	,0	,0	,0	
5A,0	,88	,0	,0	,0	,0	,0	
9A,0	,7	,0	,0	,0	,0	,0	
11,0	,144	,0	,0	,0	,0	,0	
35,0	,51	,0	,0	,0	,0	,0	
59,0	,212	,0	,0	,0	,0	,0	
5C,0	,189	,0	,0	,0	,0	,0	
77,0	,103	,0	,0	,0	,0	,0	
FB,1	,-7213822	,0	,0	,0	,0	,0	
83,0	,66	,0	,0	,0	,0	,0	
FE,0	,54	,0	,0	,0	,0	,0	
29,0	,8	,0	,0	,0	,0	,0	
18,0	,24	,0	,0	,0	,0	,0	
20,0	,104	,0	,0	,0	,0	,0	
8F,1	,-5661902	,0	,0	,0	,0	,0	
50,0	,194	,0	,0	,0	,0	,0	
0A,0	,172	,0	,0	,0	,0	,0	
90,0	,227	,0	,0	,0	,0	,0	
BA,0	,212	,0	,0	,0	,0	,0	
88,0	,242	,0	,0	,0	,0	,0	
57,0	,160	,0	,0	,0	,0	,0	
45,0	,14	,0	,0	,0	,0	,0	
1F,1	,1060708	,0	,0	,0	,0	,0	
B3,0	,89	,0	,0	,0	,0	,0	
59,0	,140	,0	,0	,0	,0	,0	
72,0	,25	,0	,0	,0	,0	,0	
52,1	,-9213026	,0	,0	,0	,0	,0	
A9,0	,68	,0	,0	,0	,0	,0	
8E,0	,187	,0	,0	,0	,0	,0	
EF,0	,40	,0	,0	,0	,0	,0	
5A,0	,120	,0	,0	,0	,0	,0	
EA,0	,118	,0	,0	,0	,0	,0	
37,0	,91	,0	,0	,0	,0	,0	
02,0	,85	,0	,0	,0	,0	,0	
D6,0	,174	,0	,0	,0	,0	,0	
4E,0	,41	,0	,0	,0	,0	,0	
EC,0	,69	,0	,0	,0	,0	,0	
2E,0	,9	,0	,0	,0	,0	,0	
BD,1	,8311798	,0	,0	,0	,0	,0	
11,0	,0	,0	,0	,0	,0	,0	
06,0	,235	,0	,0	,0	,0	,0	
3C,1	,-7798813	,0	,0	,0	,0	,0	
67,1	,6004751	,0	,0	,0	,0	,0	
19,0	,92	,0	,0	,0	,0	,0	
85,1	,1578849	,0	,0	,0	,0	,0	
FF,1	,8028258	,0	,0	,0	,0	,0	
A2,0	,93	,0	,0	,0	,0	,0	
13,0	,137	,0	,0	,0	,0	,0	
8D,1	,-4612051	,0	,0	,0	,0	,0	
47,0	,113	,0	,0	,0	,0	,0	
6D,0	,48	,0	,0	,0	,0	,0	
45,0	,89	,0	,0	,0	,0	,0	
A0,1	,-5585044	,0	,0	,0	,0	,0	
20,0	,194	,0	,0	,0	,0	,0	
6E,0	,57	,0	,0	,0	,0	,0	
D1,0	,229	,0	,0	,0	,0	,0	
A0,0	,124	,0	,0	,0	,0	,0	
AE,0	,27	,0	,0	,0	,0	,0	
8C,0	,25	,0	,0	,0	,0	,0	
25,0	,100	,0	,0	,0	,0	,0	
0A,1	,-4676344	,0	,0	,0	,0	,0	
1A,0	,33	,0	,0	,0	,0	,0	
90,0	,210	,0	,0	,0	,0	,0	
0F,0	,177	,0	,0	,0	,0	,0	
8A,1	,3153257	,0	,0	,0	,0	,0	
C4,0	,93	,0	,0	,0	,0	,0	
61,0	,93	,0	,0	,0	,0	,0	
84,0	,204	,0	,0	,0	,0	,0	
73,1	,-5486182	,0	,0	,0	,0	,0	
26,0	,137	,0	,0	,0	,0	,0	
6B,0	,32	,0	,0	,0	,0	,0	
86,0	,176	,0	,0	,0	,0	,0	
E3,0	,129	,0	,0	,0	,0	,0	
0A,0	,208	,0	,0	,0	,0	,0	
53,0	,201	,0	,0	,0	,0	,0	
C6,0	,185	,0	,0	,0	,0	,0	
60,0	,187	,0	,0	,0	,0	,0	
B2,0	,187	,0	,0	,0	,0	,0	
BE,0	,234	,0	,0	,0	,0	,0	
D2,0	,141	,0	,0	,0	,0	,0	
00,0	,142	,0	,0	,0	,0	,0	
D2,0	,195	,0	,0	,0	,0	,0	
9A,0	,46	,0	,0	,0	,0	,0	
33,0	,10	,0	,0	,0	,0	,0	
5F,0	,151	,0	,0	,0	,0	,0	
6D,0	,247	,0	,0	,0	,0	,0	
62,0	,85	,0	,0	,0	,0	,0	
19,0	,111	,0	,0	,0	,0	,0	
B9,0	,94	,0	,0	,0	,0	,0	
11,0	,2	,0	,0	,0	,0	,0	
DC,0	,173	,0	,0	,0	,0	,0	
A6,1	,-1102732	,0	,0	,0	,0	,0	
F5,1	,8394020	,0	,0	,0	,0	,0	
66,1	,-8998592	,0	,0	,0	,0	,0	
52,1	,-4803029	,0	,0	,0	,0	,0	
8C,0	,13	,0	,0	,0	,0	,0	
18,0	,115	,0	,0	,0	,0	,0	
D0,0	,21	,0	,0	,0	,0	,0	
FC,1	,129002	,0	,0	,0	,0	,0	
7E,0	,64	,0	,0	,0	,0	,0	
D1,1	,4709423	,0	,0	,0	,0	,0	
77,0	,57	,0	,0	,0	,0	,0	
75,0	,210	,0	,0	,0	,0	,0	
CF,0	,126	,0	,0	,0	,0	,0	
E2,0	,165	,0	,0	,0	,0	,0	
2B,1	,-2925866	,0	,0	,0	,0	,0	
7C,0	,138	,0	,0	,0	,0	,0	
8C,0	,201	,0	,0	,0	,0	,0	
9D,0	,37	,0	,0	,0	,0	,0	
BD,0	,113	,0	,0	,0	,0	,0	
72,0	,238	,0	,0	,0	,0	,0	
0B,0	,225	,0	,0	,0	,0	,0	
62,0	,166	,0	,0	,0	,0	,0	
CC,0	,133	,0	,0	,0	,0	,0	
06,0	,235	,0	,0	,0	,0	,0	
63,0	,138	,0	,0	,0	,0	,0	
A1,0	,244	,0	,0	,0	,0	,0	
17,0	,204	,0	,0	,0	,0	,0	
ED,1	,1802810	,0	,0	,0	,0	,0	
5B,0	,121	,0	,0	,0	,0	,0	
62,0	,147	,0	,0	,0	,0	,0	
96,0	,192	,0	,0	,0	,0	,0	
EF,0	,71	,0	,0	,0	,0	,0	
AD,1	,628512	,0	,0	,0	,0	,0	
9B,1	,-3013172	,0	,0	,0	,0	,0	
99,1	,6181816	,0	,0	,0	,0	,0	
66,0	,250	,0	,0	,0	,0	,0	
C3,1	,9604587	,0	,0	,0	,0	,0	
30,0	,98	,0	,0	,0	,0	,0	
F1,0	,4	,0	,0	,0	,0	,0	
EB,0	,155	,0	,0	,0	,0	,0	
69,0	,91	,0	,0	,0	,0	,0	
D3,1	,-1229993	,0	,0	,0	,0	,0	
CB,1	,-7518437	,0	,0	,0	,0	,0	
FA,0	,89	,0	,0	,0	,0	,0	
B7,0	,248	,0	,0	,0	,0	,0	
82,0	,154	,0	,0	,0	,0	,0	
CE,0	,158	,0	,0	,0	,0	,0	
BF,0	,156	,0	,0	,0	,0	,0	
80,0	,24	,0	,0	,0	,0	,0	
A0,0	,115	,0	,0	,0	,0	,0	
07,1	,1028788	,0	,0	,0	,0	,0	
8E,0	,33	,0	,0	,0	,0	,0	
6C,0	,246	,0	,0	,0	,0	,0	
FA,0	,198	,0	,0	,0	,0	,0	
7F,0	,40	,0	,0	,0	,0	,0	
E4,0	,149	,0	,0	,0	,0	,0	
CB,1	,-7891544	,0	,0	,0	,0	,0	
40,0	,40	,0	,0	,0	,0	,0	
77,0	,160	,0	,0	,0	,0	,0	
32,0	,34	,0	,0	,0	,0	,0	
3C,0	,93	,0	,0	,0	,0	,0	
2A,1	,-678236	,0	,0	,0	,0	,0	
45,1	,7199482	,0	,0	,0	,0	,0	
D3,0	,4	,0	,0	,0	,0	,0	
4C,0	,15	,0	,0	,0	,0	,0	
8F,0	,77	,0	,0	,0	,0	,0	
64,0	,65	,0	,0	,0	,0	,0	
49,0	,178	,0	,0	,0	,0	,0	
7C,0	,228	,0	,0	,0	,0	,0	
71,0	,64	,0	,0	,0	,0	,0	
C7,1	,9945479	,0	,0	,0	,0	,0	
44,0	,20	,0	,0	,0	,0	,0	
70,0	,65	,0	,0	,0	,0	,0	
F2,0	,110	,0	,0	,0	,0	,0	
B9,0	,151	,0	,0	,0	,0	,0	
E5,0	,236	,0	,0	,0	,0	,0	
DD,0	,44	,0	,0	,0	,0	,0	
28,0	,218	,0	,0	,0	,0	,0	
A8,1	,-177077	,0	,0	,0	,0	,0	
F7,0	,184	,0	,0	,0	,0	,0	
36,1	,6634209	,0	,0	,0	,0	,0	
AD,0	,232	,0	,0	,0	,0	,0	
5F,0	,34	,0	,0	,0	,0	,0	
C3,0	,43	,0	,0	,0	,0	,0	
0D,0	,32	,0	,0	,0	,0	,0	
BD,0	,192	,0	,0	,0	,0	,0	
D7,1	,2521346	,0	,0	,0	,0	,0	
77,0	,23	,0	,0	,0	,0	,0	
55,1	,-3524136	,0	,0	,0	,0	,0	
1F,0	,139	,0	,0	,0	,0	,0	
F5,0	,111	,0	,0	,0	,0	,0	
55,0	,69	,0	,0	,0	,0	,0	
E7,0	,166	,0	,0	,0	,0	,0	
C8,0	,64	,0	,0	,0	,0	,0	
8B,0	,187	,0	,0	,0	,0	,0	
E1,0	,12	,0	,0	,0	,0	,0	
9B,0	,139	,0	,0	,0	,0	,0	
EE,0	,236	,0	,0	,0	,0	,0	
FC,1	,-9577299	,0	,0	,0	,0	,0	
49,0	,143	,0	,0	,0	,0	,0	
38,0	,181	,0	,0	,0	,0	,0	
69,0	,135	,0	,0	,0	,0	,0	
8C,1	,4565171	,0	,0	,0	,0	,0	
65,0	,167	,0	,0	,0	,0	,0	
27,0	,220	,0	,0	,0	,0	,0	
03,0	,129	,0	,0	,0	,0	,0	
2C,0	,0	,0	,0	,0	,0	,0	
6A,0	,67	,0	,0	,0	,0	,0	
61,1	,-3005323	,0	,0	,0	,0	,0	
79,0	,69	,0	,0	,0	,0	,0	
F3,0	,138	,0	,0	,0	,0	,0	
E4,0	,177	,0	,0	,0	,0	,0	
3A,0	,0	,0	,0	,0	,0	,0	
7B,0	,54	,0	,0	,0	,0	,0	
B8,0	,96	,0	,0	,0	,0	,0	
0E,0	,31	,0	,0	,0	,0	,0	
79,0	,220	,0	,0	,0	,0	,0	
69,0	,235	,0	,0	,0	,0	,0	
F3,0	,33	,0	,0	,0	,0	,0	
CC,0	,72	,0	,0	,0	,0	,0	
64,1	,-3706606	,0	,0	,0	,0	,0	
62,1	,4982443	,0	,0	,0	,0	,0	
BC,0	,112	,0	,0	,0	,0	,0	
5E,0	,234	,0	,0	,0	,0	,0	
33,1	,4521324	,0	,0	,0	,0	,0	
68,1	,-4661694	,0	,0	,0	,0	,0	
6F,0	,85	,0	,0	,0	,0	,0	
F7,1	,-5967496	,0	,0	,0	,0	,0	
7E,1	,6013981	,0	,0	,0	,0	,0	
E3,0	,42	,0	,0	,0	,0	,0	
A5,0	,43	,0	,0	,0	,0	,0	
75,0	,19	,0	,0	,0	,0	,0	
48,0	,98	,0	,0	,0	,0	,0	
DE,1	,-6325553	,0	,0	,0	,0	,0	
6C,0	,229	,0	,0	,0	,0	,0	
8E,0	,25	,0	,0	,0	,0	,0	
A5,0	,164	,0	,0	,0	,0	,0	
5B,0	,107	,0	,0	,0	,0	,0	
EB,0	,64	,0	,0	,0	,0	,0	
74,0	,142	,0	,0	,0	,0	,0	
CB,1	,1796380	,0	,0	,0	,0	,0	
D3,1	,-7266383	,0	,0	,0	,0	,0	
31,0	,32	,0	,0	,0	,0	,0	
8A,0	,120	,0	,0	,0	,0	,0	
C3,0	,196	,0	,0	,0	,0	,0	
EF,0	,228	,0	,0	,0	,0	,0	
C3,0	,100	,0	,0	,0	,0	,0	
1E,1	,-3255210	,0	,0	,0	,0	,0	
BB,0	,82	,0	,0	,0	,0	,0	
80,1	,-5548131	,0	,0	,0	,0	,0	
BB,0	,210	,0	,0	,0	,0	,0	
EF,0	,34	,0	,0	,0	,0	,0	
FF,0	,103	,0	,0	,0	,0	,0	
61,0	,250	,0	,0	,0	,0	,0	
F2,1	,-7940710	,0	,0	,0	,0	,0	
5B,0	,1	,0	,0	,0	,0	,0	
FA,0	,8	,0	,0	,0	,0	,0	
6E,0	,179	,0	,0	,0	,0	,0	
31,0	,255	,0	,0	,0	,0	,0	
24,0	,93	,0	,0	,0	,0	,0	
E9,0	,148	,0	,0	,0	,0	,0	
74,0	,154	,0	,0	,0	,0	,0	
Address, Read/Write, Value, Soft,Hard,Hit,Evicted_pg#,Dirty_evicted_page,
6A,0	,156	,0	,0	,0	,0	,0	
47,0	,26	,0	,0	,0	,0	,0	
89,0	,206	,0	,0	,0	,0	,0	
C9,0	,192	,0	,0	,0	,0	,0	
46,0	,154	,0	,0	,0	,0	,0	
62,0	,44	,0	,0	,0	,0	,0	
D6,0	,77	,0	,0	,0	,0	,0	
0B,0	,84	,0	,0	,0	,0	,0	
74,0	,95	,0	,0	,0	,0	,0	
82,0	,238	,0	,0	,0	,0	,0	
8A,0	,10	,0	,0	,0	,0	,0	
A8,0	,124	,0	,0	,0	,0	,0	
C3,0	,69	,0	,0	,0	,0	,0	
FE,0	,239	,0	,0	,0	,0	,0	
A5,0	,23	,0	,0	,0	,0	,0	
1E,0	,62	,0	,0	,0	,0	,0	
F3,0	,236	,0	,0	,0	,0	,0	
C1,0	,66	,0	,0	,0	,0	,0	
99,0	,70	,0	,0	,0	,0	,0	
A4,0	,239	,0	,0	,0	,0	,0	
D2,0	,233	,0	,0	,0	,0	,0	
1D,0	,152	,0	,0	,0	,0	,0	
1A,0	,34	,0	,0	,0	,0	,0	
0A,0	,214	,0	,0	,0	,0	,0	
74,0	,135	,0	,0	,0	,0	,0	
E3,0	,71	,0	,0	,0	,0	,0	
24,0	,24	,0	,0	,0	,0	,0	
89,0	,5	,0	,0	,0	,0	,0	
E0,0	,238	,0	,0	,0	,0	,0	
B4,0	,184	,0	,0	,0	,0	,0	
02,0	,222	,0	,0	,0	,0	,0	
FA,0	,43	,0	,0	,0	,0	,0	
08,0	,164	,0	,0	,0	,0	,0	
8D,0	,88	,0	,0	,0	,0	,0	
98,0	,5	,0	,0	,0	,0	,0	
5B,0	,143	,0	,0	,0	,0	,0	
A4,0	,55	,0	,0	,0	,0	,0	
40,0	,197	,0	,0	,0	,0	,0	
5D,0	,59	,0	,0	,0	,0	,0	
1D,0	,87	,0	,0	,0	,0	,0	
8F,0	,201	,0	,0	,0	,0	,0	
E8,0	,23	,0	,0	,0	,0	,0	
CB,0	,166	,0	,0	,0	,0	,0	
33,0	,125	,0	,0	,0	,0	,0	
76,0	,251	,0	,0	,0	,0	,0	
65,0	,54	,0	,0	,0	,0	,0	
2A,0	,242	,0	,0	,0	,0	,0	
61,0	,128	,0	,0	,0	,0	,0	
4F,0	,256	,0	,0	,0	,0	,0	
8E,0	,126	,0	,0	,0	,0	,0	
E1,0	,63	,0	,0	,0	,0	,0	
DE,1	,-4230574	,0	,0	,0	,0	,0	
14,1	,-6330240	,0	,0	,0	,0	,0	
D7,1	,-6425442	,0	,0	,0	,0	,0	
CA,0	,199	,0	,0	,0	,0	,0	
52,1	,4894212	,0	,0	,0	,0	,0	
E3,0	,6	,0	,0	,0	,0	,0	
1C,0	,144	,0	,0	,0	,0	,0	
5D,1	,-9553221	,0	,0	,0	,0	,0	
C0,0	,138	,0	,0	,0	,0	,0	
CC,0	,233	,0	,0	,0	,0	,0	
C8,0	,228	,0	,0	,0	,0	,0	
0A,0	,201	,0	,0	,0	,0	,0	
F0,0	,206	,0	,0	,0	,0	,0	
00,1	,-9704183	,0	,0	,0	,0	,0	
1C,0	,77	,0	,0	,0	,0	,0	
0E,0	,24	,0	,0	,0	,0	,0	
2A,0	,82	,0	,0	,0	,0	,0	
DC,1	,6753688	,0	,0	,0	,0	,0	
D6,0	,111	,0	,0	,0	,0	,0	
2C,0	,132	,0	,0	,0	,0	,0	
22,0	,252	,0	,0	,0	,0	,0	
13,1	,-6209244	,0	,0	,0	,0	,0	
00,0	,123	,0	,0	,0	,0	,0	
25,0	,27	,0	,0	,0	,0	,0	
90,0	,34	,0	,0	,0	,0	,0	
B1,0	,136	,0	,0	,0	,0	,0	
9E,0	,145	,0	,0	,0	,0	,0	
C3,1	,8665183	,0	,0	,0	,0	,0	
AC,0	,186	,0	,0	,0	,0	,0	
A4,0	,249	,0	,0	,0	,0	,0	
3D,0	,197	,0	,0	,0	,0	,0	
B7,1	,4289272	,0	,0	,0	,0	,0	
F0,0	,210	,0	,0	,0	,0	,0	
A7,0	,87	,0	,0	,0	,0	,0	
B1,1	,-4339886	,0	,0	,0	,0	,0	
58,0	,92	,0	,0	,0	,0	,0	
D3,1	,-2215477	,0	,0	,0	,0	,0	
EA,0	,180	,0	,0	,0	,0	,0	
40,0	,183	,0	,0	,0	,0	,0	
22,0	,124	,0	,0	,0	,0	,0	
09,0	,248	,0	,0	,0	,0	,0	
DD,0	,135	,0	,0	,0	,0	,0	
DA,0	,74	,0	,0	,0	,0	,0	
1E,0	,175	,0	,0	,0	,0	,0	
28,0	,46	,0	,0	,0	,0	,0	
38,0	,242	,0	,0	,0	,0	,0	
AA,1	,1974867	,0	,0	,0	,0	,0	
43,1	,739081	,0	,0	,0	,0	,0	
79,1	,9840503	,0	,0	,0	,0	,0	
7C,0	,66	,0	,0	,0	,0	,0	
6D,0	,135	,0	,0	,0	,0	,0	
FD,0	,247	,0	,0	,0	,0	,0	
A7,0	,246	,0	,0	,0	,0	,0	
7F,1	,-2558346	,0	,0	,0	,0	,0	
36,1	,236385	,0	,0	,0	,0	,0	
3E,0	,197	,0	,0	,0	,0	,0	
12,1	,5977409	,0	,0	,0	,0	,0	
66,0	,37	,0	,0	,0	,0	,0	
E0,0	,126	,0	,0	,0	,0	,0	
CE,1	,-6385078	,0	,0	,0	,0	,0	
71,0	,54	,0	,0	,0	,0	,0	
EA,1	,8872013	,0	,0	,0	,0	,0	
53,0	,36	,0	,0	,0	,0	,0	
29,0	,160	,0	,0	,0	,0	,0	
6D,0	,44	,0	,0	,0	,0	,0	
25,0	,132	,0	,0	,0	,0	,0	
3D,0	,248	,0	,0	,0	,0	,0	
37,0	,69	,0	,0	,0	,0	,0	
2F,0	,170	,0	,0	,0	,0	,0	
92,0	,196	,0	,0	,0	,0	,0	
A8,0	,43	,0	,0	,0	,0	,0	
A9,0	,124	,0	,0	,0	,0	,0	
A1,0	,199	,0	,0	,0	,0	,0	
DA,0	,211	,0	,0	,0	,0	,0	
E0,1	,-3790770	,0	,0	,0	,0	,0	
A9,0	,249	,0	,0	,0	,0	,0	
D0,0	,175	,0	,0	,0	,0	,0	
D8,0	,48	,0	,0	,0	,0	,0	
71,1	,8872037	,0	,0	,0	,0	,0	
EF,0	,131	,0	,0	,0	,0	,0	
3B,1	,5822331	,0	,0	,0	,0	,0	
F8,1	,8785207	,0	,0	,0	,0	,0	
FD,0	,169	,0	,0	,0	,0	,0	
BD,0	,87	,0	,0	,0	,0	,0	
B8,0	,237	,0	,0	,0	,0	,0	
BA,0	,33	,0	,0	,0	,0	,0	
95,0	,114	,0	,0	,0	,0	,0	
E1,0	,12	,0	,0	,0	,0	,0	
AF,1	,-5460965	,0	,0	,0	,0	,0	
BE,1	,-462159	,0	,0	,0	,0	,0	
D3,0	,96	,0	,0	,0	,0	,0	
14,0	,224	,0	,0	,0	,0	,0	
D9,0	,153	,0	,0	,0	,0	,0	
7F,0	,228	,0	,0	,0	,0	,0	
41,0	,56	,0	,0	,0	,0	,0	
B1,0	,73	,0	,0	,0	,0	,0	
F7,0	,137	,0	,0	,0	,0	,0	
84,0	,43	,0	,0	,0	,0	,0	
B2,0	,74	,0	,0	,0	,0	,0	
4D,0	,245	,0	,0	,0	,0	,0	
12,0	,57	,0	,0	,0	,0	,0	
E6,0	,27	,0	,0	,0	,0	,0	
78,0	,209	,0	,0	,0	,0	,0	
48,0	,95	,0	,0	,0	,0	,0	
04,0	,226	,0	,0	,0	,0	,0	
4C,0	,63	,0	,0	,0	,0	,0	
52,0	,96	,0	,0	,0	,0	,0	
94,1	,3522367	,0	,0	,0	,0	,0	
C3,0	,40	,0	,0	,0	,0	,0	
CE,0	,158	,0	,0	,0	,0	,0	
95,1	,-2647845	,0	,0	,0	,0	,0	
80,0	,115	,0	,0	,0	,0	,0	
4F,0	,159	,0	,0	,0	,0	,0	
73,0	,147	,0	,0	,0	,0	,0	
00,0	,123	,0	,0	,0	,0	,0	
A7,0	,19	,0	,0	,0	,0	,0	
DA,0	,166	,0	,0	,0	,0	,0	
75,0	,72	,0	,0	,0	,0	,0	
E1,0	,23	,0	,0	,0	,0	,0	
96,0	,5	,0	,0	,0	,0	,0	
EE,1	,5440110	,0	,0	,0	,0	,0	
CD,0	,119	,0	,0	,0	,0	,0	
5E,0	,58	,0	,0	,0	,0	,0	
07,1	,2804661	,0	,0	,0	,0	,0	
B3,0	,15	,0	,0	,0	,0	,0	
4D,0	,79	,0	,0	,0	,0	,0	
5F,0	,3	,0	,0	,0	,0	,0	
AC,0	,225	,0	,0	,0	,0	,0	
1F,0	,235	,0	,0	,0	,0	,0	
8D,0	,194	,0	,0	,0	,0	,0	
3D,0	,118	,0	,0	,0	,0	,0	
90,0	,81	,0	,0	,0	,0	,0	
A4,0	,141	,0	,0	,0	,0	,0	
B8,0	,235	,0	,0	,0	,0	,0	
86,0	,103	,0	,0	,0	,0	,0	
5C,0	,59	,0	,0	,0	,0	,0	
C1,1	,-8673421	,0	,0	,0	,0	,0	
39,1	,2632557	,0	,0	,0	,0	,0	
2C,0	,235	,0	,0	,0	,0	,0	
AC,1	,-5494097	,0	,0	,0	,0	,0	
06,0	,37	,0	,0	,0	,0	,0	
FB,0	,256	,0	,0	,0	,0	,0	
1D,1	,-5667966	,0	,0	,0	,0	,0	
8F,0	,102	,0	,0	,0	,0	,0	
30,0	,194	,0	,0	,0	,0	,0	
5E,0	,23	,0	,0	,0	,0	,0	
55,0	,178	,0	,0	,0	,0	,0	
A5,0	,162	,0	,0	,0	,0	,0	
69,0	,184	,0	,0	,0	,0	,0	
3C,1	,309739	,0	,0	,0	,0	,0	
C5,1	,-9475947	,0	,0	,0	,0	,0	
68,0	,55	,0	,0	,0	,0	,0	
35,0	,119	,0	,0	,0	,0	,0	
76,0	,144	,0	,0	,0	,0	,0	
58,0	,83	,0	,0	,0	,0	,0	
C5,0	,44	,0	,0	,0	,0	,0	
0A,0	,134	,0	,0	,0	,0	,0	
E0,0	,144	,0	,0	,0	,0	,0	
A0,1	,-214332	,0	,0	,0	,0	,0	
EC,0	,151	,0	,0	,0	,0	,0	
8E,1	,-4444611	,0	,0	,0	,0	,0	
BC,1	,226010	,0	,0	,0	,0	,0	
A9,0	,26	,0	,0	,0	,0	,0	
32,0	,236	,0	,0	,0	,0	,0	
B3,1	,8586403	,0	,0	,0	,0	,0	
FE,0	,246	,0	,0	,0	,0	,0	
57,0	,129	,0	,0	,0	,0	,0	
F9,1	,5308331	,0	,0	,0	,0	,0	
6E,0	,93	,0	,0	,0	,0	,0	
E3,0	,25	,0	,0	,0	,0	,0	
B3,0	,193	,0	,0	,0	,0	,0	
50,0	,183	,0	,0	,0	,0	,0	
D5,0	,47	,0	,0	,0	,0	,0	
A2,0	,76	,0	,0	,0	,0	,0	
40,0	,186	,0	,0	,0	,0	,0	
FE,0	,173	,0	,0	,0	,0	,0	
D6,1	,-2281068	,0	,0	,0	,0	,0	
BC,0	,35	,0	,0	,0	,0	,0	
28,1	,8443528	,0	,0	,0	,0	,0	
04,0	,154	,0	,0	,0	,0	,0	
E2,0	,68	,0	,0	,0	,0	,0	
51,1	,-1184850	,0	,0	,0	,0	,0	
C5,0	,73	,0	,0	,0	,0	,0	
05,0	,181	,0	,0	,0	,0	,0	
E3,0	,152	,0	,0	,0	,0	,0	
E6,0	,209	,0	,0	,0	,0	,0	
F3,0	,140	,0	,0	,0	,0	,0	
75,1	,5630002	,0	,0	,0	,0	,0	
7B,0	,75	,0	,0	,0	,0	,0	
93,1	,-3907098	,0	,0	,0	,0	,0	
F6,0	,44	,0	,0	,0	,0	,0	
6F,0	,236	,0	,0	,0	,0	,0	
15,0	,118	,0	,0	,0	,0	,0	
CB,0	,74	,0	,0	,0	,0	,0	
B4,0	,98	,0	,0	,0	,0	,0	
F2,0	,34	,0	,0	,0	,0	,0	
84,0	,48	,0	,0	,0	,0	,0	
7E,1	,-9200869	,0	,0	,0	,0	,0	
E0,0	,137	,0	,0	,0	,0	,0	
6F,0	,107	,0	,0	,0	,0	,0	
F9,1	,-6708456	,0	,0	,0	,0	,0	
84,0	,192	,0	,0	,0	,0	,0	
33,0	,104	,0	,0	,0	,0	,0	
16,0	,150	,0	,0	,0	,0	,0	
08,1	,4715649	,0	,0	,0	,0	,0	
2D,0	,246	,0	,0	,0	,0	,0	
A8,0	,177	,0	,0	,0	,0	,0	
70,1	,4722961	,0	,0	,0	,0	,0	
01,0	,187	,0	,0	,0	,0	,0	
D1,0	,12	,0	,0	,0	,0	,0	
E1,0	,219	,0	,0	,0	,0	,0	
2B,0	,115	,0	,0	,0	,0	,0	
9E,0	,9	,0	,0	,0	,0	,0	
34,0	,126	,0	,0	,0	,0	,0	
FA,0	,138	,0	,0	,0	,0	,0	
41,0	,250	,0	,0	,0	,0	,0	
A7,0	,88	,0	,0	,0	,0	,0	
4C,0	,245	,0	,0	,0	,0	,0	
2F,0	,146	,0	,0	,0	,0	,0	
36,0	,7	,0	,0	,0	,0	,0	
2D,0	,100	,0	,0	,0	,0	,0	
4B,0	,158	,0	,0	,0	,0	,0	
33,1	,-9324626	,0	,0	,0	,0	,0	
A5,0	,32	,0	,0	,0	,0	,0	
91,0	,98	,0	,0	,0	,0	,0	
A9,0	,42	,0	,0	,0	,0	,0	
6E,0	,125	,0	,0	,0	,0	,0	
9B,0	,230	,0	,0	,0	,0	,0	
13,0	,207	,0	,0	,0	,0	,0	
4C,0	,226	,0	,0	,0	,0	,0	
D2,0	,79	,0	,0	,0	,0	,0	
6B,1	,2037913	,0	,0	,0	,0	,0	
AD,0	,72	,0	,0	,0	,0	,0	
0F,0	,63	,0	,0	,0	,0	,0	
50,0	,35	,0	,0	,0	,0	,0	
11,0	,44	,0	,0	,0	,0	,0	
9B,0	,112	,0	,0	,0	,0	,0	
6A,0	,202	,0	,0	,0	,0	,0	
2B,0	,247	,0	,0	,0	,0	,0	
10,0	,115	,0	,0	,0	,0	,0	
89,1	,-4082127	,0	,0	,0	,0	,0	
40,0	,72	,0	,0	,0	,0	,0	
75,1	,8675303	,0	,0	,0	,0	,0	
FE,1	,6698084	,0	,0	,0	,0	,0	
7F,0	,218	,0	,0	,0	,0	,0	
55,0	,224	,0	,0	,0	,0	,0	
77,1	,-8258967	,0	,0	,0	,0	,0	
1B,1	,-8849233	,0	,0	,0	,0	,0	
2B,1	,6904965	,0	,0	,0	,0	,0	
3B,0	,96	,0	,0	,0	,0	,0	
32,1	,7983330	,0	,0	,0	,0	,0	
57,0	,232	,0	,0	,0	,0	,0	
5C,0	,208	,0	,0	,0	,0	,0	
AD,0	,128	,0	,0	,0	,0	,0	
72,0	,159	,0	,0	,0	,0	,0	
E0,0	,5	,0	,0	,0	,0	,0	
CC,0	,189	,0	,0	,0	,0	,0	
68,0	,34	,0	,0	,0	,0	,0	
D9,1	,9366344	,0	,0	,0	,0	,0	
9F,1	,3574574	,0	,0	,0	,0	,0	
73,1	,9868983	,0	,0	,0	,0	,0	
30,0	,174	,0	,0	,0	,0	,0	
AB,0	,73	,0	,0	,0	,0	,0	
54,0	,121	,0	,0	,0	,0	,0	
88,0	,162	,0	,0	,0	,0	,0	
AF,0	,134	,0	,0	,0	,0	,0	
EA,0	,192	,0	,0	,0	,0	,0	
A2,0	,240	,0	,0	,0	,0	,0	
48,1	,1808898	,0	,0	,0	,0	,0	
04,1	,-5281611	,0	,0	,0	,0	,0	
8D,0	,210	,0	,0	,0	,0	,0	
A4,0	,62	,0	,0	,0	,0	,0	
83,0	,84	,0	,0	,0	,0	,0	
7C,0	,20	,0	,0	,0	,0	,0	
01,0	,184	,0	,0	,0	,0	,0	
99,0	,172	,0	,0	,0	,0	,0	
C9,0	,99	,0	,0	,0	,0	,0	
9C,0	,239	,0	,0	,0	,0	,0	
E3,0	,235	,0	,0	,0	,0	,0	
81,0	,195	,0	,0	,0	,0	,0	
DE,0	,232	,0	,0	,0	,0	,0	
89,0	,124	,0	,0	,0	,0	,0	
F6,0	,61	,0	,0	,0	,0	,0	
7C,0	,235	,0	,0	,0	,0	,0	
F0,0	,199	,0	,0	,0	,0	,0	
F7,0	,129	,0	,0	,0	,0	,0	
60,0	,172	,0	,0	,0	,0	,0	
99,0	,35	,0	,0	,0	,0	,0	
C2,0	,50	,0	,0	,0	,0	,0	
F0,0	,1	,0	,0	,0	,0	,0	
79,0	,37	,0	,0	,0	,0	,0	
E6,1	,-4146580	,0	,0	,0	,0	,0	
A8,0	,163	,0	,0	,0	,0	,0	
6F,1	,5261809	,0	,0	,0	,0	,0	
7E,0	,6	,0	,0	,0	,0	,0	
76,0	,110	,0	,0	,0	,0	,0	
F4,1	,5036863	,0	,0	,0	,0	,0	
AB,0	,201	,0	,0	,0	,0	,0	
D5,1	,-1645624	,0	,0	,0	,0	,0	
4E,0	,135	,0	,0	,0	,0	,0	
1D,0	,66	,0	,0	,0	,0	,0	
35,0	,30	,0	,0	,0	,0	,0	
64,0	,256	,0	,0	,0	,0	,0	
39,0	,37	,0	,0	,0	,0	,0	
B3,0	,238	,0	,0	,0	,0	,0	
15,0	,114	,0	,0	,0	,0	,0	
41,0	,98	,0	,0	,0	,0	,0	
D1,0	,173	,0	,0	,0	,0	,0	
E9,0	,244	,0	,0	,0	,0	,0	
0B,0	,198	,0	,0	,0	,0	,0	
37,1	,-2523639	,0	,0	,0	,0	,0	
C8,0	,126	,0	,0	,0	,0	,0	
B8,1	,3071938	,0	,0	,0	,0	,0	
AA,0	,19	,0	,0	,0	,0	,0	
30,0	,139	,0	,0	,0	,0	,0	
E7,0	,170	,0	,0	,0	,0	,0	
E9,1	,4783819	,0	,0	,0	,0	,0	
78,0	,212	,0	,0	,0	,0	,0	
B1,0	,19	,0	,0	,0	,0	,0	
6D,0	,116	,0	,0	,0	,0	,0	
F9,0	,245	,0	,0	,0	,0	,0	
3C,0	,190	,0	,0	,0	,0	,0	
A9,0	,45	,0	,0	,0	,0	,0	
32,0	,166	,0	,0	,0	,0	,0	
2A,0	,226	,0	,0	,0	,0	,0	
16,1	,-3026012	,0	,0	,0	,0	,0	
50,0	,227	,0	,0	,0	,0	,0	
1C,1	,-6645475	,0	,0	,0	,0	,0	
FF,0	,170	,0	,0	,0	,0	,0	
7E,0	,217	,0	,0	,0	,0	,0	
BC,0	,237	,0	,0	,0	,0	,0	
92,0	,205	,0	,0	,0	,0	,0	
EE,0	,187	,0	,0	,0	,0	,0	
10,0	,23	,0	,0	,0	,0	,0	
F9,0	,135	,0	,0	,0	,0	,0	
EB,0	,130	,0	,0	,0	,0	,0	
B5,0	,247	,0	,0	,0	,0	,0	
8A,0	,98	,0	,0	,0	,0	,0	
E9,0	,176	,0	,0	,0	,0	,0	
01,0	,196	,0	,0	,0	,0	,0	
FD,0	,183	,0	,0	,0	,0	,0	
F7,0	,36	,0	,0	,0	,0	,0	
B3,0	,56	,0	,0	,0	,0	,0	
E8,1	,5961223	,0	,0	,0	,0	,0	
61,0	,176	,0	,0	,0	,0	,0	
80,0	,197	,0	,0	,0	,0	,0	
56,1	,-8833056	,0	,0	,0	,0	,0	
F3,1	,5679121	,0	,0	,0	,0	,0	
0B,0	,220	,0	,0	,0	,0	,0	
07,1	,-4973398	,0	,0	,0	,0	,0	
B7,0	,170	,0	,0	,0	,0	,0	
5C,0	,74	,0	,0	,0	,0	,0	
54,1	,8228721	,0	,0	,0	,0	,0	
5C,0	,81	,0	,0	,0	,0	,0	
D8,0	,12	,0	,0	,0	,0	,0	
00,0	,160	,0	,0	,0	,0	,0	
62,0	,172	,0	,0	,0	,0	,0	
F5,0	,225	,0	,0	,0	,0	,0	
3A,0	,36	,0	,0	,0	,0	,0	
5D,0	,153	,0	,0	,0	,0	,0	
A7,0	,218	,0	,0	,0	,0	,0	
C7,0	,195	,0	,0	,0	,0	,0	
AA,0	,82	,0	,0	,0	,0	,0	
3B,0	,92	,0	,0	,0	,0	,0	
EC,1	,6143532	,0	,0	,0	,0	,0	
52,1	,-4296754	,0	,0	,0	,0	,0	
C1,1	,5508804	,0	,0	,0	,0	,0	
49,1	,3137376	,0	,0	,0	,0	,0	
87,0	,204	,0	,0	,0	,0	,0	
63,0	,216	,0	,0	,0	,0	,0	
68,1	,-5160164	,0	,0	,0	,0	,0	
A7,1	,9686639	,0	,0	,0	,0	,0	
27,0	,66	,0	,0	,0	,0	,0	
D0,0	,59	,0	,0	,0	,0	,0	
2B,1	,-36485	,0	,0	,0	,0	,0	
52,0	,19	,0	,0	,0	,0	,0	
67,0	,163	,0	,0	,0	,0	,0	
85,1	,5602089	,0	,0	,0	,0	,0	
69,0	,37	,0	,0	,0	,0	,0	
64,0	,147	,0	,0	,0	,0	,0	
A1,0	,205	,0	,0	,0	,0	,0	
9C,0	,192	,0	,0	,0	,0	,0	
09,0	,164	,0	,0	,0	,0	,0	
1C,1	,-7656648	,0	,0	,0	,0	,0	
2C,0	,216	,0	,0	,0	,0	,0	
20,0	,124	,0	,0	,0	,0	,0	
CE,0	,123	,0	,0	,0	,0	,0	
DE,1	,-6753618	,0	,0	,0	,0	,0	
FE,0	,14	,0	,0	,0	,0	,0	
A2,0	,195	,0	,0	,0	,0	,0	
9E,0	,197	,0	,0	,0	,0	,0	
28,0	,68	,0	,0	,0	,0	,0	
89,1	,6821569	,0	,0	,0	,0	,0	
E1,0	,238	,0	,0	,0	,0	,0	
3C,1	,-7312128	,0	,0	,0	,0	,0	
F8,0	,121	,0	,0	,0	,0	,0	
D8,1	,9082749	,0	,0	,0	,0	,0	
FE,0	,146	,0	,0	,0	,0	,0	
48,0	,224	,0	,0	,0	,0	,0	
27,0	,232	,0	,0	,0	,0	,0	
F8,0	,142	,0	,0	,0	,0	,0	
A2,0	,171	,0	,0	,0	,0	,0	
64,1	,-4709691	,0	,0	,0	,0	,0	
CF,1	,2882688	,0	,0	,0	,0	,0	
DE,0	,131	,0	,0	,0	,0	,0	
CA,0	,256	,0	,0	,0	,0	,0	
63,0	,162	,0	,0	,0	,0	,0	
CB,0	,174	,0	,0	,0	,0	,0	
B1,1	,3387504	,0	,0	,0	,0	,0	
4F,0	,45	,0	,0	,0	,0	,0	
C7,1	,-9781737	,0	,0	,0	,0	,0	
E4,0	,206	,0	,0	,0	,0	,0	
12,0	,114	,0	,0	,0	,0	,0	
D0,0	,15	,0	,0	,0	,0	,0	
21,0	,224	,0	,0	,0	,0	,0	
97,1	,9202545	,0	,0	,0	,0	,0	
15,0	,111	,0	,0	,0	,0	,0	
EC,1	,-3095237	,0	,0	,0	,0	,0	
E9,0	,9	,0	,0	,0	,0	,0	
83,1	,-2180376	,0	,0	,0	,0	,0	
95,0	,69	,0	,0	,0	,0	,0	
9C,0	,9	,0	,0	,0	,0	,0	
0D,0	,84	,0	,0	,0	,0	,0	
2C,0	,86	,0	,0	,0	,0	,0	
E7,0	,233	,0	,0	,0	,0	,0	
04,0	,140	,0	,0	,0	,0	,0	
DB,0	,33	,0	,0	,0	,0	,0	
E4,0	,111	,0	,0	,0	,0	,0	
4C,1	,2223803	,0	,0	,0	,0	,0	
B0,1	,-5874999	,0	,0	,0	,0	,0	
43,0	,45	,0	,0	,0	,0	,0	
25,0	,171	,0	,0	,0	,0	,0	
7E,0	,95	,0	,0	,0	,0	,0	
7A,0	,106	,0	,0	,0	,0	,0	
6D,0	,14	,0	,0	,0	,0	,0	
B4,0	,185	,0	,0	,0	,0	,0	
62,0	,28	,0	,0	,0	,0	,0	
74,0	,180	,0	,0	,0	,0	,0	
6E,0	,127	,0	,0	,0	,0	,0	
97,0	,98	,0	,0	,0	,0	,0	
D7,0	,252	,0	,0	,0	,0	,0	
2F,0	,162	,0	,0	,0	,0	,0	
1B,1	,3696307	,0	,0	,0	,0	,0	
D8,0	,17	,0	,0	,0	,0	,0	
0D,0	,102	,0	,0	,0	,0	,0	
1B,0	,19	,0	,0	,0	,0	,0	
42,0	,38	,0	,0	,0	,0	,0	
DA,0	,210	,0	,0	,0	,0	,0	
5F,1	,-1738243	,0	,0	,0	,0	,0	
8C,0	,156	,0	,0	,0	,0	,0	
B7,0	,163	,0	,0	,0	,0	,0	
A2,1	,-1075895	,0	,0	,0	,0	,0	
BB,0	,88	,0	,0	,0	,0	,0	
9D,0	,196	,0	,0	,0	,0	,0	
B7,0	,149	,0	,0	,0	,0	,0	
20,0	,47	,0	,0	,0	,0	,0	
3C,0	,122	,0	,0	,0	,0	,0	
3E,0	,128	,0	,0	,0	,0	,0	
A5,0	,229	,0	,0	,0	,0	,0	
6E,0	,32	,0	,0	,0	,0	,0	
64,0	,7	,0	,0	,0	,0	,0	
65,0	,66	,0	,0	,0	,0	,0	
6B,0	,220	,0	,0	,0	,0	,0	
4A,0	,163	,0	,0	,0	,0	,0	
47,0	,26	,0	,0	,0	,0	,0	
FE,0	,85	,0	,0	,0	,0	,0